depth,Abiskomy,Ablabesm,Acamptoc,Allopsec,Brillia,Bryophae,C.obnixu,C.trifas,Chaetocl,Chir ant,Chir plu,Cladopel,Cladotan,Cory amb,Cory arc,Cory cor,Cory edw,Cory lob,Cory oli,Coryno A,Cric 292,Cric cyl,Cric ind,Cric syl,Cric tri,Crico C,Crico P,Cryptoch,Cryptote,D.bertra,Diam abe,Diamesa,Dicroten,Diplocla,Einfeldi,Endo alb,Endo imp,Endo ten,Euki dev,Eukieffe,Euorthoc,Georthoc,Glyptote,Guttipel,H-tanyta,Heleniel,Hete bru,Hete gri,Hete mar,Hete sub,Hydr con,Hydr joh,Hydr lug,Hydrobae,Kiefferu,Krenopel,Krenosmi,Labrundi,Lauterbo,Limnophy,MApDerPs,Mesocric,Mesopsec,Metr eur,Metr fus,Micr ped,Micro in,Micro P,Micro pa,Micro ra,Microchi,Monodiam,Nano bra,Nano rec,Natarsia,Nilotany,O-ius,Omisus,Orth oli,Orth S,Orth tri,P. parva,P.albima,P.gracil,P.psilop,P.vitios,Pagastie,Para aus,Para bat,Para cor,Para nig,Para nud,Para pen,Para tri,Para var,Parachae,Paraclad,Paraclop,Paracric,Parak A,Parameri,Paraphae,Parasmit,Paro kie,Parortho,Phae fla,Phaen A,Pogonocl,Poly con,Poly nub,Poly sor,Procladi,Prodiame,Props N,Protanyp,Psec sep,Psec sor,Pseudoch,Pseudodi,Pseudort,Pseudosm,Rheo cha,Rheo eff,Rheo fus,Rheotany,S.longiv,S.rosens,Sergenti,Smittia,St-nella,Stempell,Stenochi,Sticto.A,Stilocla,Symposio,Synortho,T.lactes,T.nemo,Tany chi,Tany gla,Tany lu2,Tany lug,Tany men,Tany pal,Tanypus,Th-myia,Thie cla,Thien E,Tvetenia,Xenochir,Zalu zal,Zalut A,Zalut B,Zavrelim,Lipinella,Neoz,Zalut_Hydr,Count
1040.5,0,5.660377358,0,0,0,0,0,0,0,3.773584906,5.660377358,5.660377358,0,0,0,0,3.773584906,0,0,0,3.773584906,0,0,0,0,0,0,0,0,0,0,0,5.660377358,0,0,0,1.886792453,0,0,0,0,0,0,0,0,0,0,0,0,0,0,0,0,0,0,0,0,0,3.773584906,7.547169811,0,0,0,0,0,0,0,0,0,0,0,0,0,0,0,0,0,0,0,0,0,0,0,0,1.886792453,0,0,0,3.773584906,0,0,0,0,0,0,0,0,0,0,0,0,0,0,0,0,0,0,0,0,0,1.886792453,5.660377358,0,0,0,0,3.773584906,5.660377358,0,0,0,0,0,0,0,0,0,0,0,0,0,0,0,0,0,0,0,0,0,0,0,0,20.75471698,5.660377358,0,0,0,0,0,0,0,0,0,0,0,3.773584906,0,53
1041.5,0,0,0,0,0,0,0,0,0,12.72727273,1.818181818,3.636363636,1.818181818,0,0,0,1.818181818,0,0,0,0,0,0,0,0,0,0,0,0,0,0,0,1.818181818,0,0,1.818181818,0,1.818181818,0,0,0,0,1.818181818,0,0,0,0,0,0,0,0,0,0,0,0,0,0,0,3.636363636,9.090909091,0,0,0,0,0,1.818181818,0,0,0,0,0,0,0,0,0,0,0,0,0,0,0,0,0,0,0,0,0,0,3.636363636,0,0,0,3.636363636,0,0,0,0,0,0,0,0,0,0,0,0,0,0,0,0,1.818181818,0,1.818181818,0,0,0,0,3.636363636,10.90909091,0,0,0,0,0,0,0,0,0,0,0,0,0,1.818181818,0,0,0,0,0,0,0,0,0,0,9.090909091,20,0,0,0,0,0,0,0,0,0,0,0,0,0,55
1042.5,0,0,0,0,0,0,0,0,0,6.666666667,3.333333333,13.33333333,0,0,0,0,3.333333333,0,0,0,0,3.333333333,0,0,0,0,0,0,0,0,0,0,6.666666667,0,0,3.333333333,0,0,0,0,0,0,3.333333333,0,0,0,0,0,0,0,0,0,0,0,0,0,0,0,0,3.333333333,0,0,0,0,0,0,0,0,0,0,0,0,0,0,0,0,0,0,0,0,0,0,0,0,0,0,0,0,3.333333333,0,0,0,0,0,0,0,0,0,0,0,0,0,0,0,0,0,0,0,0,6.666666667,0,6.666666667,0,0,0,0,3.333333333,13.33333333,0,0,0,0,0,0,0,0,0,0,0,0,0,0,0,0,0,0,0,0,0,0,0,0,10,10,0,0,0,0,0,0,0,0,0,0,0,0,0,30
1043.5,0,0,0,0,0,0,0,0,0,8.695652174,2.173913043,13.04347826,0,0,0,0,0,0,0,0,0,4.347826087,0,0,0,0,0,0,0,0,0,0,4.347826087,0,0,0,2.173913043,0,0,0,0,0,2.173913043,0,0,0,0,0,0,0,0,0,0,0,0,0,0,0,6.52173913,8.695652174,0,0,0,0,0,2.173913043,0,0,0,0,0,0,0,0,0,0,0,0,0,0,0,0,0,0,0,0,0,0,2.173913043,0,0,0,4.347826087,0,0,0,0,0,0,0,0,0,0,0,0,0,0,0,0,0,0,0,0,0,0,0,4.347826087,15.2173913,0,0,0,0,0,0,0,0,0,0,0,0,0,2.173913043,0,0,0,0,0,0,0,0,0,0,2.173913043,10.86956522,0,0,0,0,0,0,0,0,0,0,0,4.347826087,0,46
1044.5,0,2.380952381,0,0,0,0,0,0,0,4.761904762,0,14.28571429,0,0,0,0,0,2.380952381,0,0,0,0,0,0,0,0,0,0,0,0,0,0,4.761904762,0,0,0,2.380952381,0,0,0,0,0,7.142857143,0,0,0,0,0,0,0,0,0,0,0,0,0,0,2.380952381,7.142857143,7.142857143,0,0,0,0,0,2.380952381,0,0,0,0,0,0,0,0,0,0,0,0,0,0,0,0,0,0,0,0,0,0,2.380952381,0,0,0,0,0,0,0,0,0,0,0,0,0,0,0,0,0,0,0,0,4.761904762,0,0,0,0,0,0,14.28571429,9.523809524,0,0,0,0,0,0,0,0,0,0,0,0,0,0,0,0,0,0,0,0,0,0,0,0,7.142857143,4.761904762,0,0,0,0,0,0,0,0,0,0,0,0,0,42
1045.5,0,0,0,0,0,0,0,0,0,4.545454545,12.12121212,10.60606061,0,0,0,0,9.090909091,4.545454545,0,0,0,0,0,0,0,0,0,0,0,0,0,0,1.515151515,0,1.515151515,0,0,0,0,0,0,0,6.060606061,0,0,0,0,0,0,0,0,0,0,0,0,0,0,0,3.03030303,6.060606061,0,0,0,0,0,3.03030303,0,0,0,0,0,0,0,0,0,0,0,0,0,0,0,0,0,0,0,0,0,0,4.545454545,0,0,0,1.515151515,0,0,0,0,0,0,0,0,0,0,0,0,0,0,0,0,1.515151515,1.515151515,3.03030303,0,0,0,0,4.545454545,7.575757576,0,0,0,0,0,0,0,0,0,0,0,0,0,1.515151515,0,0,0,0,0,0,0,0,0,0,6.060606061,6.060606061,0,0,0,0,0,0,0,0,0,0,0,0,0,66
1046.5,0,4,0,0,0,0,0,0,0,8,8,4,0,0,0,0,10,0,0,0,0,4,0,0,0,0,0,0,0,0,0,0,6,0,6,0,2,0,0,0,0,0,0,0,0,0,0,0,0,0,0,0,0,0,0,0,0,0,2,16,0,0,0,0,0,2,0,0,0,0,0,0,0,0,0,0,0,0,0,0,0,0,0,0,0,0,0,0,2,0,0,0,2,0,0,0,0,0,0,0,0,0,0,0,0,0,0,0,0,2,0,2,0,0,0,0,2,4,0,0,0,0,0,0,0,0,0,0,0,2,0,0,0,0,0,0,0,0,0,0,0,0,6,6,0,0,0,0,0,0,0,0,0,0,0,0,0,50
1047.5,0,0,0,0,0,0,0,0,0,13.18681319,3.296703297,10.98901099,0,2.197802198,0,0,0,2.197802198,0,0,0,2.197802198,0,0,0,0,0,0,0,0,0,0,1.098901099,0,5.494505495,0,4.395604396,0,0,0,0,0,3.296703297,0,0,0,0,0,0,0,0,0,0,0,0,0,0,0,1.098901099,9.89010989,0,0,0,0,0,1.098901099,0,0,0,0,0,0,0,0,0,0,0,0,0,0,0,0,0,0,0,0,0,0,2.197802198,0,0,0,0,0,0,0,0,0,0,0,0,0,0,0,0,0,0,0,0,3.296703297,2.197802198,1.098901099,0,0,0,0,4.395604396,8.791208791,0,0,0,0,0,0,0,0,0,0,1.098901099,0,0,4.395604396,0,0,0,0,0,0,0,0,0,0,2.197802198,9.89010989,0,0,0,0,0,0,0,0,0,0,0,0,0,91
1048.5,0,0,0,0,0,0,0,0,0,22.58064516,2.580645161,7.096774194,0,3.870967742,0,0,0.64516129,0,0,0,0,2.580645161,0,0,0,0,0,0.64516129,0,0,0,0,7.096774194,0,1.935483871,1.290322581,1.935483871,0,0,0,0,0,2.580645161,0,0,0,0,0,0,0,0,0,0,0,0,0,0,0,0.64516129,1.935483871,0,0,0,0,0,1.290322581,0,0,0,0,0,0,0,0,0,0,0,0,0,0,0,0,0,0,0,0,0,0,5.161290323,0,0,0,0,0,0,0,0,0,0,0,0,0,0,0,0,0,1.290322581,0,0,3.225806452,0,0.64516129,0,0,0,0,4.516129032,10.32258065,0,0,0,0,0,0,0,0,0,0,0,0,0,1.935483871,0,0,0,0,0,0,0,0,0,0,0,14.19354839,0,0,0,0,0,0,0,0,0,0,0,0,0,155
1049.5,0,4.255319149,0,0,0,0,0,0,0,23.40425532,8.510638298,6.382978723,0,4.255319149,0,0,0,0,0,0,0,0,0,0,0,0,0,0,0,0,0,0,4.255319149,0,0,0,0,0,0,0,0,0,0,0,0,0,0,0,0,0,0,0,0,0,0,0,0,0,2.127659574,4.255319149,0,0,0,0,0,2.127659574,0,0,0,0,0,0,0,0,0,0,0,0,0,0,0,0,0,0,0,0,0,0,4.255319149,0,0,0,0,0,0,0,0,0,0,0,0,0,0,0,0,0,2.127659574,0,0,0,4.255319149,2.127659574,0,0,0,0,8.510638298,4.255319149,0,0,0,0,0,0,0,0,0,0,2.127659574,0,0,0,0,0,0,0,0,0,0,0,0,0,0,10.63829787,0,0,0,0,0,0,0,0,0,0,0,2.127659574,0,47
1050.5,0,0,0,0,0,0,0,0,0,28.125,9.375,0,0,0,0,0,0,0,0,0,0,0,0,0,0,0,0,0,0,0,0,0,3.125,0,3.125,0,0,0,0,0,0,0,0,0,0,0,0,0,0,0,0,0,0,0,0,0,0,0,0,3.125,0,0,0,0,0,6.25,0,0,0,0,0,0,0,0,0,0,0,0,0,0,0,0,0,0,0,0,0,0,0,0,0,0,0,0,0,0,0,0,0,0,0,0,0,0,0,0,0,0,0,3.125,0,0,0,0,0,0,3.125,15.625,0,0,0,0,0,0,0,0,0,0,0,0,0,3.125,0,0,0,0,0,0,0,0,0,0,0,21.875,0,0,0,0,0,0,0,0,0,0,0,0,0,32
1051.5,0,0,0,0,0,0,0,0,0,20,8,4,0,0,0,0,0,0,0,0,0,0,0,0,0,0,0,0,0,0,0,0,4,0,0,0,0,0,0,0,0,0,4,0,0,0,0,0,0,0,0,0,0,0,0,0,0,0,0,12,0,0,0,0,0,8,0,0,0,0,0,0,0,0,0,0,0,8,0,0,0,0,0,0,0,0,0,0,0,0,0,0,0,0,0,0,0,0,0,0,0,0,0,0,0,0,0,0,0,0,0,0,0,0,0,0,12,4,0,0,0,0,0,0,0,0,0,0,0,0,0,0,0,0,0,0,0,0,0,0,0,0,0,16,0,0,0,0,0,0,0,0,0,0,0,0,0,25
1052.5,0,0,0,0,0,0,0,0,0,14.28571429,4.761904762,1.587301587,6.349206349,0,0,0,1.587301587,0,0,0,0,0,0,0,0,0,0,0,0,0,0,0,9.523809524,0,0,0,0,0,0,0,0,0,0,0,0,0,0,0,0,0,0,0,0,0,0,0,0,0,0,3.174603175,0,0,0,0,0,1.587301587,0,0,0,0,0,0,0,0,0,0,0,7.936507937,0,0,0,0,0,0,0,0,0,0,0,0,0,0,4.761904762,0,0,0,0,0,0,0,0,0,0,0,0,0,0,0,0,3.174603175,3.174603175,1.587301587,0,0,0,0,6.349206349,7.936507937,0,0,1.587301587,0,0,0,0,0,0,0,0,0,0,3.174603175,0,0,0,0,3.174603175,0,0,3.174603175,0,0,3.174603175,4.761904762,0,0,0,0,0,0,0,0,0,0,0,3.174603175,0,63
1053.5,0,1.724137931,0,0,0,0,0,0,0,3.448275862,18.96551724,0,0,0,0,0,0,0,0,0,0,0,0,3.448275862,0,0,0,0,0,0,0,0,6.896551724,0,0,0,0,0,0,0,0,0,0,0,0,0,0,0,0,0,0,0,0,0,0,0,0,0,0,6.896551724,0,0,0,0,0,18.96551724,0,0,0,0,0,0,0,0,0,0,0,5.172413793,0,0,0,0,0,0,0,0,0,0,0,0,0,0,0,0,0,0,0,0,0,0,0,0,0,0,0,0,0,0,0,0,1.724137931,0,0,0,0,0,3.448275862,8.620689655,0,0,0,0,0,0,0,0,0,0,0,0,0,0,0,0,0,0,1.724137931,0,0,1.724137931,0,5.172413793,0,5.172413793,0,0,0,0,0,0,0,0,0,0,0,6.896551724,0,58
1054.5,0,0,0,0,0,0,0,0,0,4.081632653,0,0,0,0,0,0,0,0,0,0,0,0,0,2.040816327,0,0,0,0,0,0,0,0,0,0,0,0,0,0,0,0,0,0,0,0,0,0,0,6.12244898,0,0,0,0,0,0,0,0,0,0,0,0,0,0,0,0,0,48.97959184,0,0,0,0,0,0,0,0,0,0,0,0,0,0,0,0,0,0,0,0,0,0,0,0,0,0,10.20408163,0,0,0,0,0,0,0,0,0,0,0,0,0,0,0,0,0,0,0,0,0,2.040816327,0,2.040816327,0,0,0,0,0,0,0,0,0,8.163265306,2.040816327,0,0,0,0,0,0,0,0,0,0,0,0,0,14.28571429,0,0,0,0,0,0,0,0,0,0,0,0,0,0,0,49
1055.5,0,0,0,0,0,0,0,0,0,2.688172043,0,0,0,0.537634409,0,0,0,0,0,0,0,1.075268817,0.537634409,1.075268817,0,0,0.537634409,0,0,0,0,0,0.537634409,0,0.537634409,0,0,0,0,0.537634409,0,0,0,0,0,0,0,6.989247312,0,0,0,0,0,0,0,0,0,0,0,1.075268817,0,0,0,0,0,38.70967742,0,0,0,0,0,0,0,0,0,0,0,0,0,0,0,0,0,0,0,0,0,0,0,0,0,0,12.3655914,0,0,0,0,0,0,0,0,0,0,0,0,0,0,0,0,2.688172043,0,3.76344086,0,0,3.225806452,0.537634409,2.150537634,0.537634409,0,0,0,0,0,0,0,0,3.225806452,1.612903226,0.537634409,0,0,0,0,0,0,0,0,0,0,0,0,10.75268817,1.612903226,0,0,0,0,0,0,0,0,0,0,0,0,1.612903226,0.537634409,186
1056.5,0,0,0,0,0,0,0,0,0,0,0,0,0,0,0,0,0,0,0,0,0,0,0,3.571428571,0,0,0,0,0,0,0,0,0,0,0,0,0,0,0,0,0,0,0,0,0,0,0,14.28571429,0,0,0,0,0,0,0,0,0,0,0,0,0,0,0,0,0,50,0,0,0,0,0,0,0,0,0,0,0,0,0,0,0,0,0,0,0,0,0,0,0,0,0,0,10.71428571,0,0,0,0,0,0,0,0,0,0,0,0,0,0,0,0,0,0,0,0,0,10.71428571,0,3.571428571,0,0,0,0,0,0,0,0,0,0,3.571428571,0,0,0,0,0,0,0,0,0,0,0,0,0,3.571428571,0,0,0,0,0,0,0,0,0,0,0,0,0,0,0,28
1057.5,0,0,0,0,0,0,0,0,0,3.100775194,0.775193798,0,0,0,0,0,0.775193798,0,0,0,0,0,0,0.775193798,0,0,0,0,0,0,0,0,0,0,0,0.775193798,0,0,0,0,0,0,0.775193798,0,0,0,0,7.751937984,0,0,0,0,0,0,0,0,0,0,0,0,0,0,0,0,0,42.63565891,0,0,0,0,0,0,0,0,0,0,0,0,0,0,0,0,0,0,0,0,0,0,0.775193798,0,0,0,10.85271318,0,0,0,0,0,0,0,0,0,0,0,0,0,0,0,0,5.426356589,0,0,0,0,1.550387597,0,6.201550388,0,0,0,0,0,0,0,0,0,3.100775194,1.550387597,0,0,0,0,0,0,0,0,0,0,0,0,0,9.302325581,0,0,0,0,0,0,0,0,0,0,0,0,0,3.875968992,0,129
1058.5,0,0,0,0,0,0,0,0,0,5.405405405,0,0,0,0,0,0,0,0,0,0,0,0,0,2.702702703,0,0,0,0,0,0,0,0,0,0,0,0,0,0,0,0,0,0,0,0,0,0,0,5.405405405,0,0,0,0,0,0,0,0,0,0,0,0,0,0,0,0,0,48.64864865,0,0,0,0,0,0,0,0,0,0,0,0,0,0,0,0,0,0,0,0,0,0,0,0,0,0,8.108108108,0,0,0,0,0,0,0,0,0,0,0,0,0,0,0,0,2.702702703,0,0,0,0,2.702702703,0,2.702702703,0,0,0,0,0,0,0,0,0,2.702702703,2.702702703,0,0,0,0,0,0,0,0,0,0,0,0,0,16.21621622,0,0,0,0,0,0,0,0,0,0,0,0,0,0,0,37
1059.5,0,0,0,0,0,0,0,0,0,2.702702703,0,0,0,0,0,0,0,0,0,0,0,1.801801802,0,0,0,0,0.900900901,0,0,0,0,0,0,0,0,0,0,0,0,0,0,0,0,0,0,0,0.900900901,11.71171171,0,0,0,0,0,0,0,0,0,0,0,0,0,0.900900901,0,0,0,42.34234234,0,0,0,0,0,0,0,0,0,0,0.900900901,0,0,0,0,0,0,0,0,0,0,0,0,0,0,0,10.81081081,0,0,0,0,0,0,0,0,0,0,0,0,0,0,0,0,2.702702703,0,0.900900901,0,0,1.801801802,0.900900901,5.405405405,0.900900901,0,0,0,0,0,0,0,0,1.801801802,1.801801802,0,0,0,0,0,0,0,0,0,0,0,0,0,8.108108108,0,0,0,0,0,0,0,0,0,0,0,0,0,2.702702703,0,111
1060.5,0,0,0,0,0,0,0,0,0,2.197802198,0,0,0,0.549450549,0,0,0.549450549,0,0,0,1.098901099,0,0,1.098901099,0,0,0.549450549,0,0,0,0,0,0,0,0,0,0,0,0,0,0,0,0,0,0,0,0.549450549,4.395604396,0,0,0,0,0,0,0,0,0,0,0,0.549450549,0,0,0,0,0,39.01098901,0,0,0,0,0,0,0,0,0,0,0,0.549450549,0,0,0,0,0,0,0,0,0,0,0,0,0,0,18.13186813,0,0,0,0,0,0,0,0,0,0,0,0,0,0,0,0,1.648351648,0,1.648351648,0,0,1.098901099,1.098901099,7.692307692,0,0,0,0,0,0,0,0,0,1.648351648,3.296703297,0.549450549,0,0,0,0,0,0,0,0,0,0,0,0,9.340659341,0,0,0,0,0,0,0,0,0,0,0,0,0,2.747252747,0,182
1061.5,0,0,0,0,0,0,0,0,0,1.438848921,0,0,0,0.71942446,0,0,0,0,0,0,0,2.158273381,0,0.71942446,0,0,0.71942446,0,0,0,0,0,0,0,0,0,0,0,0,0,0,0.71942446,0,0,0,0,0.71942446,5.035971223,0,0,0,0,0,0,0,0,0,0,0,0.71942446,0,0,0,0,0,37.41007194,0,0,0,0,0,0,0,0,0,0,0,0,0,0,0,0,0,0,0,0,0,0,0.71942446,0,0,0,12.94964029,0,0,0,0,0,0,0,0,0,0,0,0,0,0,0,0,4.316546763,0,2.877697842,0,0,4.316546763,0.71942446,5.755395683,0,0,0,0.71942446,0,0,0,0,0,1.438848921,4.316546763,0,0,0,0,0,0,0,0,0,0,0,0,0,10.79136691,0,0,0,0,0,0,0,0,0,0,0,0,0,0.71942446,0,139
1062.5,0,0,0,0,0,0,0,0,0,1.829268293,0,0,0,0,0,0,0,0,0,0,0,0,0,1.219512195,0,0,0,0,0,0,0,0,0,0,0,0,0,0,0,0,0,0,1.219512195,0,0,0,0.609756098,9.146341463,0,0,0,0,0,0,0,0,0,0,0,0.609756098,0,0,0,0,0,34.75609756,0,0,0,0,0,0,0,0,0,0,0,0,0,0,0,0,0,0,0,0,0,0,0.609756098,0,0,0.609756098,13.41463415,0,0,0,0,0,0,0,0,0,0,0,0,0,0,0,0,0.609756098,0,1.829268293,0,0,3.048780488,0.609756098,1.829268293,0.609756098,0,0,0.609756098,0,0,0,0,0,2.43902439,4.87804878,0,0,0,0,0,0,0,0,0,0,0,0,0,13.41463415,0.609756098,0,0,0,0,0,0,0,0,0,0,0,0,4.87804878,0.609756098,164
1063.5,0,0,0,0,0,0,0,0,0,2.702702703,0,0,0,0,0,0,0,0,0,0,0,0,0,0,0,0,0,0,0,0,0,0,0,0,0,0,0,0,0,0,0,0,0,0,0,0,0,8.108108108,0,0,0,0,0,0,0,0,0,0,0,0,0,0,0,0,0,56.75675676,0,0,0,0,0,0,0,0,0,0,0,0,0,0,0,0,0,0,0,0,0,0,0,0,0,0,8.108108108,0,0,0,0,0,0,0,0,0,0,0,0,0,0,0,0,0,0,2.702702703,0,0,2.702702703,2.702702703,0,0,0,0,0,0,0,0,0,0,8.108108108,0,0,0,0,0,0,0,0,0,0,0,0,0,0,5.405405405,0,0,0,0,0,0,0,0,0,0,0,0,0,2.702702703,0,37
1064.5,0,0,0,0,0,0,0,0,0,4.605263158,0,0,0.657894737,0,0,0,0,0,0,0,0,0,1.973684211,0.657894737,0,0,0.657894737,0,0,0,0,0,0,0,0,0,0,0,0,0,0,0.657894737,0,0,0,0,7.894736842,4.605263158,0,0,0,0,0,0,0,0,0,0,0,0,0,0,0,0,0,28.28947368,0,0,0,0,0,0,0,0,0,0,0,0,0,0,0,0,0,0,0,0,0,0.657894737,0,0,0,0,9.210526316,0,0,0,0,0,0,0,0,0,0,0,0,0,0,0,0,0.657894737,0,1.315789474,0,0,5.921052632,1.973684211,5.263157895,0,0,0,0,0,0,0,0,0,5.263157895,3.289473684,0,0,0,0,0,0,0,0,0,0,0,0,0,13.81578947,0.657894737,0,0,0,0,0,0,0,0,0,0,0,0,1.973684211,0,152
1065.5,0,0,0,0,0,0,0,0,0,0,0,0,0,0,0,0,0,0,0,0,0,0,0,0,0,0,0,0,0,0,0,0,0,0,0,0,0,0,0,0,0,0,0,0,0,0,0,5.128205128,0,0,0,0,0,0,0,0,0,0,0,0,0,0,0,0,0,28.20512821,0,0,0,0,0,0,0,0,0,0,0,0,0,0,0,0,0,0,0,0,0,0,0,0,0,0,5.128205128,0,0,0,0,0,0,0,0,0,0,0,0,0,0,0,0,2.564102564,0,0,0,0,7.692307692,0,7.692307692,0,0,0,0,0,0,0,0,0,17.94871795,7.692307692,0,0,0,0,0,0,0,0,0,0,0,0,0,17.94871795,0,0,0,0,0,0,0,0,0,0,0,0,0,0,0,39
1066.5,0,0,0,0,0,0,0,0,0,5.434782609,0,0,1.086956522,0,0,0,0,0,0,0,0,0,0,1.086956522,0,0,0,1.086956522,0,0,0,0,0,0,1.086956522,0,0,0,0,0,0,0,0,0,0,0,0,6.52173913,0,0,0,0,0,0,0,0,0,0,0,0,0,0,0,0,0,43.47826087,0,0,0,0,0,0,0,0,0,0,0,0,0,0,0,0,0,0,0,0,0,0,0,0,0,0,8.695652174,0,0,0,0,0,0,0,0,0,0,0,0,0,0,0,0,1.086956522,0,0,0,0,5.434782609,0,4.347826087,0,0,0,0,0,0,0,0,0,4.347826087,6.52173913,0,0,0,0,0,0,0,0,0,0,0,0,0,9.782608696,0,0,0,0,0,0,0,0,0,0,0,0,0,0,0,92
1067.5,0,0,0,0,0,0,0,0,0,15.87982833,0.429184549,0,0,0.429184549,0,0,0,0,0,0,0,0.429184549,0.429184549,1.287553648,0,0,0.429184549,0.429184549,0,0,0,0,0,0,0,0,0,0,0,0,0,0,0.429184549,0,0,0,0.429184549,2.145922747,0.429184549,0,0,0,0,0,0,0,0,0,0,0.429184549,0,0,0,0,0,32.61802575,0,0,0,0,0,0,0,0,0,0,0,0,0,0,0,0,0,0,0,0,0,0,0.429184549,0,0,0,14.16309013,0,0,0,0,0,0,0,0,0,0,0,0,0,0.429184549,0,0,0,0,0,0,0,3.433476395,0,3.004291845,0.429184549,0,0,0,0,0,0,0,0,2.145922747,2.145922747,0.429184549,0,0,0,0,0,0,0,0,0,0,0,0,16.30901288,0,0,0,0,0,0,0,0,0,0,0,0,0,0.858369099,0,233
1068.5,0,0,0,0,0,0,0,0,0,10.30927835,0,0,0,0,0,0,0,0,0,0,0,0,0,1.030927835,0,0,0,0,0,0,0,0,0,0,0,0,0,0,0,0,0,0,0,0,0,0,0,5.154639175,0,0,0,0,0,0,0,0,0,0,0,0,0,1.030927835,0,0,0,35.05154639,0,0,0,0,0,0,0,0,0,0,0,0,0,0,0,0,0,0,0,0,0,0,0,0,0,0,20.6185567,0,0,0,0,0,0,0,0,0,0,0,0,0,0,0,0,0,0,0,0,0,2.06185567,0,2.06185567,1.030927835,0,0,0,0,0,0,0,0,2.06185567,3.092783505,0,0,0,0,0,0,0,0,0,0,0,0,0,14.43298969,1.030927835,0,0,0,0,0,0,0,0,0,0,0,0,1.030927835,0,97
1069.5,0,0,0,0,0,0,0,0,0,9.433962264,0,0,0,1.886792453,0,0,0,0,0,0,0,0,0,3.773584906,0,0,0,0,0,0,0,0,0,0,0,0,0,0,0,0,0,0,0,0,0,0,1.886792453,9.433962264,0,0,0,0,0,0,0,0,0,0,0,1.886792453,0,0,0,0,0,33.96226415,0,0,0,0,0,0,0,0,0,0,0,0,0,0,0,0,0,0,0,0,0,0,0,0,0,0,9.433962264,0,0,0,0,0,0,0,0,0,0,0,0,0,1.886792453,0,0,0,0,3.773584906,0,0,3.773584906,0,5.660377358,1.886792453,1.886792453,0,0,0,0,0,0,0,3.773584906,0,0,0,0,0,0,0,0,0,0,0,0,0,0,5.660377358,0,0,0,0,0,0,0,0,0,0,0,0,0,0,0,53
1070.5,0,0,0,0,0,0,0,0,0,3.703703704,0,0,0,0,0,0,0,0,0,0,0,0,0,0,0,0,0,0,0,0,0,0,0,0,0,0,0,0,0,0,0,0,0,0,0,0,1.234567901,3.703703704,0,0,0,0,0,0,0,0,0,0,0,0,0,0,0,0,0,49.38271605,0,0,0,0,0,0,0,0,0,0,0,0,0,0,0,0,0,0,0,0,0,0,0,0,0,0,17.28395062,0,0,0,0,0,0,0,0,0,0,0,0,0,0,0,0,3.703703704,0,3.703703704,0,0,1.234567901,0,7.407407407,0,0,0,0,0,0,0,0,0,0,0,0,0,0,0,0,0,0,0,0,0,0,0,0,3.703703704,1.234567901,1.234567901,0,0,0,0,0,0,0,0,0,0,0,2.469135802,0,81
1071.5,0,0,0,0,0,0,0,0,0,3.448275862,0,0,0,1.724137931,0,0,0,0,0,0,0,0,0,0,0,0,0,0,0,0,0,0,0,0,0,0,0,0,0,0,0,0,0,0,0,0,0,10.34482759,0,0,0,0,0,0,0,0,0,0,0,0,0,0,0,0,0,44.82758621,0,0,0,0,0,0,0,0,0,0,0,0,0,0,0,0,0,0,0,0,0,0,0,0,0,0,8.620689655,0,0,0,0,0,0,0,0,0,0,0,0,0,1.724137931,0,0,1.724137931,0,0,0,0,6.896551724,0,1.724137931,0,0,0,0,0,0,0,0,0,0,3.448275862,0,0,0,0,0,0,0,0,0,0,0,0,0,13.79310345,0,0,0,0,0,0,0,0,0,0,0,0,0,1.724137931,0,58
1072.5,0,0,0,0,0,0,0,0,0,5.263157895,0,0,0,0.751879699,0,0,0,0,0,0,0,0,0,2.255639098,0,0,0.751879699,0,0,0,0,0,0,0,0,0,0,0,0,0,0,0,0,0,0,0,0,3.759398496,0,0,0,0,0,0,0,0,0,0,0,0.751879699,0,0,0,0,0,41.35338346,0,0,0,0,0,0,0,0,0,0,0,0,0,0,0,0,0,0,0,0,0,0,0.751879699,0,0,0,17.29323308,0,0,0,0,0,0,0,0,0,0,0,0,0,0,0,0,0.751879699,0,4.511278195,0,0,0,0.751879699,6.015037594,0,0,0,0.751879699,0,0,0,0,0,0,0.751879699,0,0,0,0,0,0,0,0,0,0,0,0,0,8.270676692,0,0.751879699,0,0,0,0,0,0,0,0,0,0,0,3.759398496,0.751879699,133
1073.5,0,0,0,0,0,0,0,0,0,0,1.851851852,0,0,0,0,0,0,0,0,0,0,0,0,0,0,0,0,0,0,0,0,0,0,0,0,0,0,0,0,0,0,0,1.851851852,0,0,0,0,9.259259259,0,0,0,0,0,0,0,0,0,0,0,0,0,0,0,0,0,48.14814815,0,0,0,0,0,0,0,0,0,0,0,0,0,0,0,0,0,0,0,0,0,0,0,0,0,0,5.555555556,0,0,0,0,0,0,0,0,0,0,0,0,0,0,0,0,3.703703704,0,1.851851852,0,0,1.851851852,0,5.555555556,1.851851852,0,0,0,0,0,0,0,0,0,3.703703704,0,0,0,0,0,0,0,0,0,0,0,0,0,9.259259259,0,0,0,0,0,0,0,0,0,0,0,0,0,5.555555556,0,54
1074.5,0,0,0,0,0,0,0,0,0,2.857142857,0,0,0,0.476190476,0,0,0,0,0,0,0,0,0,1.428571429,0,0,0,0.476190476,0,0,0,0,0.952380952,0,0,0,0,0,0,0,0,0.476190476,0.952380952,0,0,0,0,5.238095238,0,0,0,0,0,0,0,0,0,0,0,0.476190476,0,0.476190476,0,0,0,39.52380952,0,0,0,0,0,0,0,0,0,0,0,0,0,0,0,0,0,0,0,0,0,0,0.476190476,0,0,0.476190476,18.57142857,0,0,0,0,0,0,0,0,0,0,0,0,0,0,0,0,1.428571429,0,2.857142857,0,0,0.952380952,0.952380952,5.238095238,0,0,0,0.476190476,0,0,0,0,0,0,3.80952381,0,0,0,0,0,0,0,0,0,0,0,0,0,8.095238095,0.476190476,0,0,0,0,0,0,0,0,0,0,0,0,2.857142857,0,210
1075.5,0,0,0,0,0,0,0,0,1.538461538,6.153846154,0,0,0,0,0,0,0,0,0,0,0,0,0,3.076923077,0,0,0,1.538461538,0,0,0,0,0,0,0,0,0,0,0,0,0,0,0,0,0,0,0,7.692307692,0,0,0,0,0,0,0,0,0,0,0,0,0,0,0,0,0,53.84615385,0,0,0,0,0,0,0,0,0,0,0,0,0,0,0,0,0,0,0,0,0,0,0,0,0,0,7.692307692,0,0,0,0,0,0,0,0,0,0,0,0,0,0,0,0,0,0,0,0,0,1.538461538,0,3.076923077,0,0,0,0,0,0,0,0,0,1.538461538,3.076923077,0,0,0,0,0,0,0,0,0,0,0,0,0,9.230769231,0,0,0,0,0,0,0,0,0,0,0,0,0,0,0,65
1076.5,0,0,0,0,0,0,0,0,0,12.5,0,0,0,0,0,0,0,0,0,0,0,0,0,3.571428571,0,0,0,0,0,0,0,0,0,0,0,0,0,0,0,0,0,0,1.785714286,0,0,0,0,3.571428571,0,0,0,0,0,0,0,0,0,0,0,0,0,0,0,0,0,37.5,0,0,0,0,0,0,0,0,0,0,0,0,0,0,0,0,0,0,0,0,0,0,0,0,0,0,16.07142857,0,0,0,0,0,0,0,0,0,0,0,0,0,0,0,0,0,0,0,0,0,3.571428571,0,1.785714286,0,0,0,0,0,0,0,0,0,0,3.571428571,0,0,0,0,0,0,0,0,0,0,0,0,0,10.71428571,3.571428571,0,0,0,0,0,0,0,0,0,0,0,0,1.785714286,0,56
1077.5,0,2.654867257,0,0.884955752,0,0,0,0,0,17.69911504,2.654867257,0,0,0,0,0,0,0,0,0,0,0,0,4.424778761,0.884955752,0,0,0,0,0,0,0,0.884955752,0,0,0,0,0,0,0,0,0,0.884955752,0,0,0,0,0.884955752,0,0,0,0,0,0,0,0,0,0,0,0,0,0,0,0,0,25.66371681,0,0,0,0,0,0,0,0,0,0,0,0.884955752,0,0,0,0,0,0,0,0,0,0,0.884955752,0,0,0,11.50442478,0,0,0,0,0,0,0,0,0,0,0,0,0,0,0,0,1.769911504,0,3.539823009,0,0,0.884955752,0,3.539823009,1.769911504,0,0,0,0,0,0,0,0,0,3.539823009,0,0,0,0,0,0,0,0,0.884955752,0,0,0,0,8.849557522,0.884955752,3.539823009,0,0,0,0,0,0,0,0,0,0,0,0,0,113
1078.5,0,0,0,0,0,0,0,0,0,17.5,0,1.25,0,2.5,0,0,0,0,0,0,0,0,0,0,0,0,0,1.25,0,0,0,0,2.5,0,0,0,0,0,0,0,0,0,0,0,0,0,0,2.5,0,0,0,0,0,0,0,0,0,0,0,0,0,0,0,0,0,27.5,0,0,0,0,0,0,0,0,0,0,0,0,0,0,0,0,0,0,0,0,0,0,0,0,0,0,12.5,0,0,0,0,0,0,0,0,0,0,0,0,0,1.25,0,0,3.75,1.25,1.25,0,0,0,1.25,1.25,2.5,0,0,0,0,0,0,0,0,0,0,0,0,0,0,0,0,0,0,1.25,0,0,0,0,13.75,0,3.75,0,0,0,0,0,0,0,0,0,0,0,1.25,0,80
1079.5,0,2.380952381,0,2.380952381,0,0,0,0,0,14.28571429,0,0,0,0,0,0,0,0,0,0,0,0,0,0,0,0,0,0,0,0,0,0,2.380952381,0,0,0,0,0,0,0,0,0,2.380952381,0,0,0,0,0,0,0,0,0,0,0,0,0,0,0,0,0,0,0,0,0,0,19.04761905,0,0,0,0,0,0,0,0,0,0,0,0,0,0,0,0,0,0,0,0,0,0,2.380952381,0,0,0,7.142857143,0,0,0,0,0,0,0,0,0,0,0,0,0,7.142857143,0,0,0,0,9.523809524,0,0,2.380952381,2.380952381,4.761904762,2.380952381,0,0,0,0,0,0,0,0,2.380952381,0,0,0,0,0,0,0,0,0,0,0,0,0,0,11.9047619,0,4.761904762,0,0,0,0,0,0,0,0,0,0,0,0,0,42
1080.5,0,0,0,2.631578947,0,0,0,0,2.631578947,5.263157895,0,0,0,5.263157895,0,0,0,0,0,0,0,0,0,0,0,0,0,0,0,0,0,0,7.894736842,0,0,0,0,0,0,0,0,0,0,0,0,0,0,0,0,0,0,0,0,0,0,0,0,0,0,2.631578947,0,0,0,0,0,18.42105263,0,0,0,0,0,0,0,0,0,0,0,0,0,0,0,0,0,0,0,0,0,0,2.631578947,0,0,0,7.894736842,0,0,0,0,0,0,0,0,0,0,0,0,0,10.52631579,0,0,0,0,2.631578947,0,0,0,0,0,10.52631579,0,0,0,0,0,0,0,0,0,0,0,0,0,0,0,0,0,0,0,0,0,0,0,0,0,21.05263158,0,0,0,0,0,0,0,0,0,0,0,0,0,38
1082.5,0,0,0,1.492537313,0,0,0,0,0,13.43283582,0,0,1.492537313,19.40298507,0,0,0,0,0,0,0,0,0,1.492537313,0,0,2.985074627,0,0,0,0,0,13.43283582,0,0,0,0,0,0,0,0,0,1.492537313,0,0,0,0,0,0,0,0,0,0,0,0,0,0,0,0,0,0,1.492537313,0,0,0,13.43283582,0,0,0,0,0,0,0,0,0,0,0,0,0,0,0,0,0,0,0,0,0,0,1.492537313,0,0,0,1.492537313,0,0,0,0,0,0,0,0,0,0,0,0,0,2.985074627,0,0,1.492537313,0,0,0,0,0,0,1.492537313,4.47761194,0,0,0,0,0,0,0,0,0,0,0,0,0,1.492537313,0,0,0,0,0,0,0,1.492537313,0,0,0,13.43283582,0,0,0,0,0,0,0,0,0,0,0,0,0,67
1084.5,0,0,0,0.578034682,0,0,0,0,0,8.092485549,0.578034682,0.578034682,1.734104046,17.34104046,0,0,0,0,0,0,0,0,0,0.578034682,0,0,0.578034682,0,0,0,0,0,8.670520231,0,0,0,0,0,0,0,0,0,0.578034682,0,0,0,0,0,0,0,0,0,0,0,0,0,0,0,0.578034682,0.578034682,0,0,0,0,0,24.85549133,0,0,0,0,0,0,0,0,0,0,0,0,0,0,0,0,0,0,0,0,0,0,0,0,0,0,5.780346821,0,0,0,0,0,0,0,0,0,0,0,0,0,5.202312139,0,0,1.156069364,0.578034682,0.578034682,0,0,0,0,2.312138728,1.734104046,0,0,0,0,0,0,0,0,0,0.578034682,0,0,0,0,0,0,0,0,0,0.578034682,0,10.98265896,0,0,0,5.202312139,0,0,0,0,0,0,0,0,0,0,0,0,0,173
1086.5,0,1.19047619,0,1.19047619,0,0,0,0,0,22.61904762,2.380952381,0,0,1.19047619,0,0,0,0,0,0,0,0,0,0,0,0,1.19047619,0,0,0,0,0,5.952380952,0,0,0,0,0,0,0,0,0,0,0,0,0,0,0,0,0,0,0,0,0,0,0,0,0,0,1.19047619,0,0,0,0,0,20.23809524,0,0,0,0,0,0,0,0,0,0,0,0,0,0,0,0,0,0,0,0,0,0,1.19047619,0,0,0,4.761904762,0,0,0,0,0,0,0,0,0,0,0,0,0,0,0,0,0,0,0,0,0,0,1.19047619,8.333333333,1.19047619,0,0,0,0,0,0,0,0,0,9.523809524,0,0,0,0,0,0,0,0,0,0,0,9.523809524,0,1.19047619,0,5.952380952,0,0,0,0,0,0,0,0,0,0,0,0,0,84
1087.5,0,0,0,0,0,0,0,0,0,34.7826087,0,0,2.173913043,0,0,0,0,0,0,0,0,0,0,4.347826087,0,0,4.347826087,0,0,0,0,0,15.2173913,0,0,0,0,0,0,0,0,0,0,0,0,0,0,0,0,0,0,0,0,0,0,0,0,0,0,0,0,0,0,0,0,10.86956522,0,0,0,0,0,0,0,0,0,0,0,0,0,0,0,0,0,0,0,0,0,0,0,0,0,0,15.2173913,0,0,0,0,0,0,0,0,0,0,0,0,0,0,0,0,2.173913043,0,0,0,0,0,2.173913043,2.173913043,4.347826087,0,0,0,0,0,0,0,0,0,0,0,0,0,0,0,0,0,0,0,0,0,2.173913043,0,0,0,0,0,0,0,0,0,0,0,0,0,0,0,0,0,46
1089.5,0,0,0,0,0,0,0,0,0,35.55555556,0,0,4.444444444,0,0,0,0,0,0,0,0,0,0,0,0,0,0,0,0,0,0,0,8.888888889,0,0,0,2.222222222,0,0,0,0,0,0,0,0,0,0,0,0,0,0,0,0,0,0,0,0,0,0,2.222222222,0,0,0,0,0,20,0,0,0,0,0,0,0,0,0,0,0,0,0,0,0,0,0,0,0,0,0,0,2.222222222,0,0,0,15.55555556,0,0,0,0,0,0,0,0,0,0,0,0,0,0,0,0,0,0,0,0,0,0,0,0,8.888888889,0,0,0,0,0,0,0,0,0,0,0,0,0,0,0,0,0,0,0,0,0,0,0,0,0,0,0,0,0,0,0,0,0,0,0,0,0,0,0,45
1091.5,0,0,0,1.538461538,0,0,0,0,0,36.92307692,1.538461538,0,1.538461538,9.230769231,0,0,1.538461538,0,0,0,0,0,0,0,0,0,0,0,0,0,0,0,3.076923077,0,1.538461538,0,0,0,0,0,0,0,0,0,0,0,0,0,0,0,0,0,0,0,0,0,0,0,0,1.538461538,0,0,0,0,0,9.230769231,0,0,0,0,0,0,0,0,0,0,0,0,0,0,0,0,0,0,0,0,0,0,0,0,0,0,3.076923077,0,0,0,0,0,0,0,0,0,0,0,0,0,0,0,0,0,0,0,0,0,0,3.076923077,4.615384615,6.153846154,0,0,0,0,0,0,0,0,0,0,0,0,0,0,0,0,0,0,1.538461538,0,0,1.538461538,0,0,0,10.76923077,0,0,0,0,0,0,0,0,0,0,0,1.538461538,0,65
1092.5,0,0,0,2.97029703,0,0,0,0,0,34.65346535,0,0,1.98019802,2.97029703,0,0,0,0,0,0,0,0,0,0.99009901,0,0,0.99009901,0,0,0,0,0,1.98019802,0,0.99009901,0.99009901,0,0,0,0,0,0,0,0,0,0,0,0,0,0,0,0,0,0,0,0,0,0,0,0,0,0,0,0,0,15.84158416,0,0,0,0,0,0,0,0,0,0,0,0,0,0,0,0,0,0,0,0,0,0,0,0,0,0,11.88118812,0,0,0,0,0,0,0,0,0,0,0,0,0,0,0,0,1.98019802,0,1.98019802,0,0,0,0.99009901,1.98019802,3.96039604,0,0,0,0,0,0,0,0,0,0,0,0,0,2.97029703,0,0,0,0,0.99009901,0,0,0.99009901,0,0.99009901,0,6.930693069,0,0,0,0,0,0,0,0,0,0,0,0,0,101
1093.5,0,0,0,0,0,0,0,0,0,4,0,0,0,0,0,0,0,0,0,0,0,0,0,4,0,0,4,0,0,0,0,0,4,0,0,4,0,0,0,0,0,0,0,0,0,0,0,0,0,0,0,0,0,0,0,0,0,0,0,8,0,0,0,0,0,16,0,0,0,0,0,0,0,0,0,0,0,0,0,0,0,0,0,0,0,0,0,0,0,0,0,0,16,0,0,0,0,0,0,0,0,0,0,0,0,0,0,0,0,4,0,8,0,0,0,8,8,12,0,0,0,0,0,0,0,0,0,0,0,0,0,0,0,0,0,0,0,0,0,0,0,0,0,0,0,0,0,0,0,0,0,0,0,0,0,0,0,25
1095.5,0,0,0,0,0,0,0,0,0,2.702702703,0,0,2.702702703,0,0,0,0,0,0,0,0,0,0,0,0,0,0,0,0,0,0,0,8.108108108,0,0,0,0,0,0,0,0,0,0,0,0,0,0,0,0,0,0,0,0,0,0,0,0,0,0,0,0,0,0,0,0,16.21621622,0,0,0,0,0,0,0,0,0,0,0,0,0,0,0,0,0,0,0,0,0,0,0,0,0,0,10.81081081,0,0,0,0,0,0,0,0,0,0,0,0,0,0,0,0,0,0,5.405405405,0,0,0,0,8.108108108,8.108108108,0,0,0,0,0,0,0,0,0,0,0,0,0,0,0,0,0,0,0,0,0,29.72972973,0,0,0,8.108108108,0,0,0,0,0,0,0,0,0,0,0,0,0,37
1096.5,0,0,0,3.03030303,0,0,0,0,0,0,0,0,9.090909091,0,0,0,0,0,0,0,0,0,0,6.060606061,0,0,0,0,0,0,0,0,3.03030303,0,0,0,3.03030303,0,0,0,0,0,0,0,0,0,0,3.03030303,0,0,0,0,0,0,0,0,0,0,3.03030303,0,0,0,0,0,0,18.18181818,0,0,0,0,0,0,0,0,0,0,0,0,0,0,0,0,0,0,0,0,0,0,0,0,0,0,0,0,0,0,0,0,0,0,0,0,0,0,0,0,0,0,0,0,0,0,0,0,0,0,0,6.060606061,0,0,3.03030303,0,0,0,0,0,0,6.060606061,0,0,0,3.03030303,0,0,0,0,0,0,0,18.18181818,0,0,3.03030303,12.12121212,0,0,0,0,0,0,0,0,0,0,0,0,0,33
1097.5,0,0,0,0,0,0,0,0,0,4.87804878,3.658536585,0,6.097560976,0,0,0,0,0,0,0,1.219512195,0,0,0,0,0,0,0,0,0,0,0,6.097560976,0,0,0,4.87804878,0,0,0,0,0,2.43902439,0,0,0,0,1.219512195,0,0,0,0,0,0,0,0,0,0,0,2.43902439,0,0,0,0,0,18.29268293,0,0,0,0,0,0,0,0,0,0,0,0,0,0,0,0,0,0,0,0,0,0,0,0,0,0,1.219512195,0,0,0,0,0,0,0,0,0,0,0,0,0,0,0,0,2.43902439,1.219512195,0,0,0,0,1.219512195,3.658536585,9.756097561,0,0,0,0,0,0,0,0,0,0,0,0,0,1.219512195,0,0,0,0,0,0,0,10.97560976,0,0,0,14.63414634,0,0,0,0,0,0,0,0,0,0,0,1.219512195,1.219512195,82
1099.5,0,0,0,0,0,0,0,0,0,0,5,0,0,0,0,0,0,0,0,0,0,0,0,0,0,0,0,5,0,0,0,0,0,0,0,0,0,0,0,0,0,0,0,0,0,0,0,0,0,0,0,0,0,0,0,0,0,0,0,0,0,0,0,0,0,0,0,0,0,0,0,0,0,0,0,0,0,0,0,0,0,0,0,0,0,0,0,0,0,0,0,0,0,0,0,0,0,0,0,0,0,0,0,0,0,0,0,0,0,0,0,0,0,0,0,5,0,0,0,0,0,0,0,0,0,0,0,0,0,0,0,10,0,0,0,0,10,0,5,0,0,0,0,60,0,0,0,0,0,0,0,0,0,0,0,0,0,20
1100.5,0,1.724137931,0,0.862068966,0,0,0,0,0,6.896551724,2.586206897,0,0.862068966,0,0,0,0,0,0,0,0,1.724137931,0,0.862068966,0,0,0,0,0,0,0,0,6.034482759,0,0,0,0,0,0,0,0,0,0,0,0,0,0,0,0,0,0,0,0,0,0,0,0,0,1.724137931,0,0,0,0,0,0,0.862068966,0,0,0,0,0,0,0,0,0,0,0,0,0,0,0,0,0,0,0,0,0,0,2.586206897,0,0,0,0,0,0,0,0,0,0,0,0,0,0,0,0,0,0,0,0,4.310344828,1.724137931,2.586206897,0,0,0,0,6.896551724,4.310344828,0,0,0,0,0,0,0,0,0,0,0,0,0,0.862068966,0,0,0,0,15.51724138,0,0,10.34482759,0,0,0.862068966,24.13793103,0,0,0,0,0,0,0,0,0,0,0,0.862068966,0.862068966,116
1103.5,0,0.980392157,0,0,0,0,0,0,0,3.921568627,2.941176471,0,1.960784314,1.960784314,0,0,0,0,0,0,0,0,0,0,0,0,0,0,0,0,0,0,3.921568627,0,0.980392157,0,0,0,0,0,0,0,0,0,0,0,0,0,0,0,0,0,0,0,0,0,0,0,0,0,0,0,0,0,0,0.980392157,0,0,0,0,0,0,0,0,0,0,0,0,0,0,0,0,0,0,0,0,0,0,0,0,0,0,0.980392157,0,0,0,0,0,0,0,0,0,0,0,0,0,0,0,0,0.980392157,0,0.980392157,0,0,0,0,2.941176471,1.960784314,0,0,0,0,0,0,0,0,0,0,0,0,0,0,0,0,0,0,0.980392157,0,0,17.64705882,0,0,0,55.88235294,0,0,0,0,0,0,0,0,0,0,0,0,0,102
1105.5,0,0,0,0.826446281,0,0,0,0,0,0.826446281,0,0,1.652892562,0,0,0,0,0,0,0,0,0,0,0,0,0,0,0,0,0,0,0,4.132231405,0,2.479338843,0,0.826446281,0,0,0,0,0,0,0,0,0,0,0,0,0,0,0,0,0,0,0,0,0,0,0,0,0,0,0,0,3.305785124,0,0,0,0,0,0,0,0,0,0,0,0,0,0,0,0,0,0,0,0,0,0,0,0,0,0,0,0,0,0,0,0,0,0,0,0,0,0,0,0,0,0,0,1.652892562,0,1.652892562,0,0,0,0,7.438016529,0.826446281,0,0,0,0,0,0,0,0,0,0,0.826446281,0,0,0,0,0,0,0,1.652892562,0,0.826446281,8.26446281,0,0.826446281,0,61.98347107,0,0,0,0,0,0,0,0,0,0,0,0,0,121
1106.5,0,0,0,0,0,0,0,0,0,6.369426752,0,1.27388535,1.910828025,0,0,0,0,0,0,0,0,0,0,1.27388535,0,0,0,0,0,0,0,0,2.547770701,0,0,0.636942675,0.636942675,0.636942675,0,0,0,0,0.636942675,0,0,0,0,0,0,0,0,0,0,0,0,0,0,0,0,0.636942675,0,0,0,0,0,3.184713376,0,0,0,0,0,0,0,0,0,0,0,0,0,0,0,0,0,0,0,0,0,0,1.27388535,0,0,0,0.636942675,0,0,0,0,0,0,0,0,0,0,0,0,0,0,0,0,1.910828025,0,1.27388535,0,0,0,0,4.458598726,0.636942675,0,0,0,0,0,0,0,0,0,0,0,0.636942675,0,0,0,0,0,0,3.184713376,0,0,8.917197452,0,0,0,57.32484076,0,0,0,0,0,0,0,0,0,0,0,0,0,157
1107.5,0,5.405405405,0,0,0,0,0,0,0,13.51351351,5.405405405,2.702702703,0,0,0,0,0,0,0,0,4.054054054,0,0,0,0,0,0,1.351351351,0,0,0,0,2.702702703,0,0,0,0,0,0,0,0,0,2.702702703,0,0,0,0,0,0,0,0,0,0,0,0,0,0,0,0,1.351351351,0,0,0,0,0,12.16216216,0,0,0,0,0,0,0,0,0,0,0,0,0,0,0,0,0,0,0,0,0,0,1.351351351,0,0,0,4.054054054,0,0,0,0,0,0,0,0,0,0,0,0,0,0,0,0,5.405405405,0,1.351351351,0,0,0,0,1.351351351,4.054054054,0,0,0,0,0,0,0,0,1.351351351,0,0,4.054054054,0,0,0,0,0,0,0,1.351351351,0,2.702702703,0,2.702702703,0,18.91891892,0,0,0,0,0,0,0,0,0,0,0,0,0,74
1108.5,0,0,0,0,0,0,0,0,0,4.838709677,11.29032258,8.064516129,0,0,0,0,0,0,0,0,0,0,0,3.225806452,0,0,0,1.612903226,0,0,0,0,0,0,0,0,0,0,0,0,0,0,0,0,0,0,0,0,0,0,0,0,0,0,0,0,0,0,0,0,0,0,0,0,0,9.677419355,0,0,0,0,0,0,0,0,0,0,0,0,0,0,0,0,0,0,0,0,0,0,0,0,0,0,1.612903226,0,0,0,0,0,0,0,0,0,0,0,0,0,0,0,0,14.51612903,0,0,0,0,0,0,1.612903226,1.612903226,0,0,0,0,0,0,0,0,8.064516129,0,0,0,0,0,0,0,0,0,0,0,0,0,0,22.58064516,0,11.29032258,0,0,0,0,0,0,0,0,0,0,0,0,0,62
1109.5,0,0,0,0,0,0,0,0,0,4.761904762,11.9047619,5.952380952,1.19047619,0,0,0,0,0,0,0,1.19047619,0,0,0,0,0,0,3.571428571,0,0,0,0,1.19047619,0,0,0,0,0,0,0,0,0,3.571428571,0,0,0,0,0,0,0,0,0,0,0,0,0,0,0,0,2.380952381,0,0,0,0,0,21.42857143,0,0,0,0,0,0,0,0,0,0,0,0,0,0,0,0,0,0,0,0,0,0,0,0,0,0,2.380952381,0,0,0,0,0,0,0,0,0,0,0,0,0,1.19047619,0,0,11.9047619,0,0,0,0,0,0,0,1.19047619,0,0,0,0,0,0,0,0,3.571428571,0,0,0,0,1.19047619,0,0,0,0,0,0,0,0,0,16.66666667,0,1.19047619,0,0,0,0,0,0,0,0,0,0,3.571428571,0,0,84
1110.5,0,3.529411765,0,0,0,0,0,0,0,15.29411765,15.29411765,5.882352941,0,0,0,0,2.352941176,0,0,0,0,0,0,0,0,0,0,2.352941176,0,0,0,0,0,0,0,1.176470588,0,0,0,0,0,0,2.352941176,0,0,0,0,0,0,0,0,0,0,0,0,0,0,0,0,1.176470588,0,0,0,0,0,18.82352941,0,0,0,0,0,0,0,0,0,0,0,0,0,0,0,0,0,0,0,0,0,0,2.352941176,0,0,0,3.529411765,0,0,0,0,0,0,0,0,0,0,0,0,0,0,0,0,3.529411765,0,1.176470588,0,0,0,0,0,0,0,0,0,0,0,0,0,0,0,0,1.176470588,1.176470588,0,0,0,0,0,0,0,0,0,0,0,10.58823529,0,5.882352941,0,0,0,0,0,0,0,0,0,0,1.176470588,0,1.176470588,85
1111.5,0,2.906976744,0,1.162790698,0,0.581395349,0,0,0,24.41860465,11.04651163,3.488372093,2.325581395,0,0,0,0.581395349,0,0,0,0.581395349,0,0,0,0,0,0,0.581395349,0,0,0,0,1.162790698,0,0,0,0,0,0,0,0,0,1.744186047,0,0,0,0,0,0,0,0,0,0,0,0,0,0,0,0,1.744186047,0,0,0,0,0,7.558139535,0,0,0,0,0,0,0,0,0,0,0,0,0,0,0,0,0,0,0,0,0,0,0.581395349,0,0,0,12.20930233,0,0,0,1.162790698,0,0,0,0,0,0,0,0,0,0,0,0,2.325581395,0,1.162790698,0,0,0,0,4.069767442,0.581395349,0,0,0,0,0,0,0,0,1.162790698,0,0.581395349,0,0,0,0,0,0,0,0.581395349,0,0,1.162790698,0,1.162790698,3.488372093,9.88372093,0,0,0,0,0,0,0,0,0,0,0,0,0,172
1112.5,0,0,0,0,0,2.222222222,0,0,0,13.33333333,15.55555556,2.222222222,0,0,0,0,0,0,0,0,0,0,0,0,0,0,0,0,0,0,0,0,0,0,0,2.222222222,0,0,0,0,0,0,2.222222222,0,0,0,0,0,0,0,0,0,0,0,0,0,0,0,0,0,0,0,0,0,0,4.444444444,0,0,0,0,0,0,0,0,0,0,0,0,0,0,0,0,0,0,0,0,0,0,0,0,0,0,20,0,0,0,2.222222222,0,0,0,0,0,0,0,0,0,0,0,0,4.444444444,0,2.222222222,0,0,0,0,4.444444444,0,0,0,0,0,0,0,0,0,6.666666667,0,0,0,0,0,0,0,0,0,0,0,0,0,0,4.444444444,0,13.33333333,0,0,0,0,0,0,0,0,0,0,0,0,0,45
1113.5,0,0,0,0,0,0,0,0,0,13.7254902,19.60784314,11.76470588,1.960784314,0,0,0,0,0,0,0,0,0,0,0,0,0,0,1.960784314,0,0,0,0,0,0,0,1.960784314,0,0,0,0,0,0,1.960784314,0,0,0,0,0,0,0,0,0,0,0,0,0,0,0,0,0,0,0,0,0,0,3.921568627,0,0,0,0,0,0,0,0,0,0,0,0,0,0,0,0,0,0,0,0,0,0,0,0,0,0,1.960784314,0,0,0,0,0,0,0,0,0,0,0,0,0,0,0,0,21.56862745,0,0,0,0,0,0,0,0,0,0,0,0,0,0,0,0,3.921568627,0,0,0,0,0,0,0,0,0,0,0,0,1.960784314,0,0,1.960784314,11.76470588,0,0,0,0,0,0,0,0,0,0,0,0,0,51
1115,0,0,0,0,0,0,0,0,0,11.62790698,18.60465116,2.325581395,2.325581395,0,0,0,0,0,0,0,0,0,0,0,0,0,0,9.302325581,0,0,0,0,2.325581395,0,0,0,0,0,0,0,0,0,4.651162791,0,0,0,0,2.325581395,0,0,0,0,0,0,0,0,0,0,0,0,0,0,0,0,0,2.325581395,0,0,0,0,0,0,0,0,0,0,0,0,0,0,0,0,0,0,0,0,0,0,0,0,0,0,4.651162791,0,0,0,0,0,0,0,0,0,0,0,0,0,0,0,0,25.58139535,0,0,0,0,0,0,0,0,0,0,0,0,0,0,0,0,4.651162791,0,0,0,0,0,0,0,0,0,0,0,0,0,0,0,0,9.302325581,0,0,0,0,0,0,0,0,0,0,0,0,0,43
1116.5,0,2.222222222,0,0,0,0,0,0,0,3.333333333,17.77777778,3.333333333,3.333333333,0,0,0,1.111111111,0,0,0,1.111111111,0,0,0,0,0,1.111111111,2.222222222,0,0,0,0,1.111111111,0,0,1.111111111,0,0,0,0,0,0,2.222222222,0,0,0,0,0,0,0,0,0,0,0,0,0,0,0,0,0,0,0,0,0,0,2.222222222,0,0,0,0,0,0,0,0,0,0,0,0,0,0,0,0,0,0,0,0,0,0,1.111111111,0,0,0,14.44444444,0,0,0,0,0,0,0,0,0,0,0,0,0,0,0,0,16.66666667,0,2.222222222,0,0,0,0,1.111111111,0,0,0,0,0,0,0,0,0,6.666666667,0,0,0,0,0,0,0,0,0,0,0,0,3.333333333,0,1.111111111,3.333333333,7.777777778,0,0,0,0,0,0,0,0,0,0,0,0,0,90
1118,0,0,0,0,0,0,0,0,0,22.22222222,15.87301587,0,1.587301587,0,0,0,0,0,0,0,0,0,0,0,0,0,1.587301587,0,0,0,0,0,1.587301587,0,0,1.587301587,0,0,0,0,0,0,0,0,0,0,0,0,0,0,0,0,0,0,0,0,0,0,0,0,0,0,0,0,0,1.587301587,0,0,0,0,0,0,0,0,0,0,0,0,0,0,0,0,0,0,0,0,0,0,0,0,0,0,4.761904762,0,0,0,0,0,0,0,0,0,0,0,0,0,0,0,0,36.50793651,0,0,0,0,0,0,1.587301587,0,0,0,0,0,0,0,0,0,3.174603175,0,0,0,0,0,0,0,0,0,0,0,0,0,0,0,1.587301587,6.349206349,0,0,0,0,0,0,0,0,0,0,0,0,0,63
1119.5,0,0,0,0,0,0,0,0,1.408450704,26.76056338,16.90140845,0,0,0,0,0,4.225352113,0,0,0,1.408450704,0,0,0,0,0,0,2.816901408,0,0,0,0,2.816901408,0,0,2.816901408,0,0,0,0,0,0,1.408450704,0,0,0,0,0,0,0,0,0,0,0,0,0,0,0,0,0,0,0,0,0,0,0,0,0,0,0,0,0,0,0,0,0,0,0,0,0,0,0,0,0,0,0,0,0,0,0,0,0,7.042253521,0,0,0,0,0,0,0,0,0,0,0,0,0,0,0,0,11.26760563,0,1.408450704,0,0,0,0,1.408450704,1.408450704,0,0,0,0,0,0,0,0,4.225352113,0,0,0,0,0,0,0,0,0,0,1.408450704,0,1.408450704,0,1.408450704,0,8.450704225,0,0,0,0,0,0,0,0,0,0,0,0,0,71
1121,0,0,0,0,0,0,0,0,0,14.28571429,0,0,0,0,0,0,0,0,0,0,0,0,0,0,0,0,0,4.761904762,0,0,0,0,0,0,0,0,0,0,0,0,0,0,9.523809524,0,0,0,0,4.761904762,0,0,0,0,0,0,0,0,0,0,0,0,0,0,0,0,0,14.28571429,0,0,0,0,0,0,4.761904762,0,0,0,0,0,0,0,0,0,0,0,0,0,0,0,0,0,0,0,4.761904762,0,0,0,0,0,0,0,0,0,0,0,0,0,0,0,0,9.523809524,0,4.761904762,0,0,0,0,0,0,0,0,0,0,0,0,0,0,4.761904762,4.761904762,0,0,0,0,0,0,0,0,0,0,0,0,0,14.28571429,0,4.761904762,0,0,0,0,0,0,0,0,0,0,0,0,0,21
1125,0,0,0,0,0,0,0,0,0,14.28571429,0,0,4.761904762,0,0,0,0,0,0,0,4.761904762,0,0,0,0,0,0,4.761904762,0,0,0,0,4.761904762,0,0,0,0,0,0,0,0,0,0,0,0,0,0,0,0,0,0,0,0,0,0,0,0,0,0,0,0,0,0,0,0,28.57142857,0,0,0,0,0,0,0,0,0,0,0,0,0,0,0,0,0,0,0,0,0,0,0,0,0,0,0,0,0,0,0,0,0,0,0,0,0,0,0,0,0,0,0,0,0,4.761904762,0,0,0,0,0,0,0,0,0,0,0,0,0,0,19.04761905,0,0,0,0,0,0,0,0,0,0,0,0,0,0,14.28571429,0,0,0,0,0,0,0,0,0,0,0,0,0,0,0,21
1130,0,0,0,0,0,0,0,0,0,20.83333333,4.166666667,0,0,0,0,0,0,0,0,0,8.333333333,0,0,0,0,0,0,4.166666667,0,0,0,0,0,0,0,0,0,0,0,0,0,0,0,0,0,0,0,0,0,0,0,0,0,0,0,0,0,0,0,0,0,0,0,0,0,25,0,0,0,0,0,0,0,0,0,0,0,0,0,0,0,0,0,0,0,0,0,0,0,0,0,0,8.333333333,0,0,0,0,0,0,0,0,0,0,0,0,0,0,0,0,0,0,0,0,0,0,0,0,0,0,0,0,0,0,0,0,0,16.66666667,0,0,0,0,0,0,0,0,0,0,0,0,0,0,8.333333333,4.166666667,0,0,0,0,0,0,0,0,0,0,0,0,0,0,24
